app_name_encoded,app_name
0,app_0
1,app_1
2,app_10
3,app_100
4,app_101
5,app_102
6,app_103
7,app_104
8,app_106
9,app_107
10,app_108
11,app_109
12,app_11
13,app_110
14,app_111
15,app_112
16,app_113
17,app_114
18,app_115
19,app_116
20,app_117
21,app_119
22,app_12
23,app_120
24,app_121
25,app_122
26,app_123
27,app_124
28,app_125
29,app_126
30,app_127
31,app_128
32,app_129
33,app_13
34,app_130
35,app_131
36,app_132
37,app_133
38,app_134
39,app_135
40,app_136
41,app_137
42,app_138
43,app_139
44,app_14
45,app_140
46,app_141
47,app_142
48,app_143
49,app_144
50,app_145
51,app_146
52,app_147
53,app_148
54,app_149
55,app_15
56,app_150
57,app_151
58,app_152
59,app_153
60,app_154
61,app_155
62,app_16
63,app_17
64,app_18
65,app_19
66,app_2
67,app_20
68,app_21
69,app_22
70,app_23
71,app_24
72,app_25
73,app_26
74,app_27
75,app_28
76,app_29
77,app_3
78,app_30
79,app_31
80,app_32
81,app_33
82,app_34
83,app_35
84,app_36
85,app_37
86,app_38
87,app_39
88,app_4
89,app_41
90,app_42
91,app_43
92,app_44
93,app_45
94,app_46
95,app_47
96,app_48
97,app_49
98,app_5
99,app_50
100,app_51
101,app_52
102,app_53
103,app_54
104,app_55
105,app_56
106,app_57
107,app_58
108,app_59
109,app_6
110,app_60
111,app_61
112,app_62
113,app_63
114,app_64
115,app_65
116,app_66
117,app_67
118,app_68
119,app_69
120,app_70
121,app_72
122,app_73
123,app_74
124,app_75
125,app_76
126,app_77
127,app_78
128,app_79
129,app_8
130,app_80
131,app_81
132,app_82
133,app_83
134,app_84
135,app_85
136,app_86
137,app_87
138,app_88
139,app_89
140,app_9
141,app_90
142,app_91
143,app_92
144,app_93
145,app_94
146,app_95
147,app_96
148,app_97
149,app_98
150,app_99
